AOU,English_Common_Name,French_Common_Name,Spanish_Common_Name,ORDER,Family,Genus,Species,X,X.1,WT_species_code
0,,,,,,,,,,NONE
3190,White-winged Dove,Tourterelle à ailes blanches,Columbiformes,Columbiformes,Columbidae,Zenaida,asiatica,,,WWDO
6560,(Audubon's Warbler) Yellow-rumped Warbler,Paruline à croupion jaune (groupe auduboni),Setophaga coronata audoboni,Passeriformes,Parulidae,Setophaga,coronata audoboni,,,YRWA
1740,(Black Brant) Brant,Bernache cravant (groupe nigricans),Branta bernicla nigricans,Anseriformes,Anatidae,Branta,bernicla nigricans,,,BRAN
5690,(Gray-headed Junco) Dark-eyed Junco,Junco ardoisé (à tête grise),Junco hyemalis caniceps,Passeriformes,Passerellidae,Junco,hyemalis caniceps,,,DEJU
3380,(Harlan's Hawk) Red-tailed Hawk,Buse à queue rousse (groupe harlani),Buteo jamaicensis harlani,Accipitriformes,Accipitridae,Buteo,jamaicensis harlani,,,RTHA
6550,(Myrtle Warbler) Yellow-rumped Warbler,Paruline à croupion jaune (groupe coronata),Setophaga coronata coronata,Passeriformes,Parulidae,Setophaga,coronata coronata,,,YRWA
4890,(Northwestern Crow) American Crow,Corneille d'Alaska,Corvus caurinus,Passeriformes,Corvidae,Corvus,caurinus,,,AMCR
5671,(Oregon Junco) Dark-eyed Junco,Junco ardoisé (groupe oreganus),Junco hyemalis oreganus,Passeriformes,Passerellidae,Junco,hyemalis oreganus,,,DEJU
4130,(Red-shafted Flicker) Northern Flicker,Pic flamboyant (groupe cafer),Colaptes auratus cafer,Piciformes,Picidae,Colaptes,auratus cafer,,,NOFL
5670,(Slate-colored Junco) Dark-eyed Junco,Junco ardoisé (groupe hyemalis),Junco hyemalis hyemalis,Passeriformes,Passerellidae,Junco,hyemalis hyemalis,,,DEJU
6556,(unid. Myrtle/Audubon's) Yellow-rumped Warbler,Par. à croupion jaune (sous-espèce non identifié),Setophaga coronata,Passeriformes,Parulidae,Setophaga,coronata,,,YRWA
5677,(unid. race) Dark-eyed Junco,Junco ardoisé (groupe non identifié),Junco hyemalis,Passeriformes,Passerellidae,Junco,hyemalis,,,DEJU
4123,(unid. Red/Yellow Shafted) Northern Flicker,Pic flamboyant (groupe non identifié),Colaptes auratus,Piciformes,Picidae,Colaptes,auratus,,,NOFL
4120,(Yellow-shafted Flicker) Northern Flicker,Pic flamboyant (groupe auratus),Colaptes auratus auratus,Piciformes,Picidae,Colaptes,auratus auratus,,,NOFL
4650,Acadian Flycatcher,Moucherolle vert,Empidonax virescens,Passeriformes,Tyrannidae,Empidonax,virescens,,,ACFL
3152,African Collared-Dove (a.k.a. Ringed Turtle-Dove),Tourterelle rieuse,Streptopelia roseogrisea,Columbiformes,Columbidae,Streptopelia,roseogrisea,,,AFCD
4661,Alder Flycatcher,Moucherolle des aulnes,Empidonax alnorum,Passeriformes,Tyrannidae,Empidonax,alnorum,,,ALFL
730,Aleutian Tern,Sterne des Aléoutiennes,Onychoprion aleuticus,Charadriiformes,Laridae,Onychoprion,aleuticus,,,ALTE
2250,American Avocet,Avocette d'Amérique,Recurvirostra americana,Charadriiformes,Recurvirostridae,Recurvirostra,americana,,,AMAV
1900,American Bittern,Butor d'Amérique,Botaurus lentiginosus,Pelecaniformes,Ardeidae,Botaurus,lentiginosus,,,AMBI
1330,American Black Duck,Canard noir,Anas rubripes,Anseriformes,Anatidae,Anas,rubripes,,,ABDU
2210,American Coot,Foulque d'Amérique,Fulica americana,Gruiformes,Rallidae,Fulica,americana,,,AMCO
4880,American Crow,Corneille d'Amérique,Corvus brachyrhynchos,Passeriformes,Corvidae,Corvus,brachyrhynchos,,,AMCR
7010,American Dipper,Cincle d'Amérique,Cinclus mexicanus,Passeriformes,Cinclidae,Cinclus,mexicanus,,,AMDI
2720,American Golden-Plover,Pluvier bronzé,Pluvialis dominica,Charadriiformes,Charadriidae,Pluvialis,dominica,,,AMGP
5290,American Goldfinch,Chardonneret jaune,Spinus tristis,Passeriformes,Fringillidae,Spinus,tristis,,,AMGO
3600,American Kestrel,Crécerelle d'Amérique,Falco sparverius,Falconiformes,Falconidae,Falco,sparverius,,,AMKE
6970,American Pipit,Pipit d'Amérique,Anthus rubescens,Passeriformes,Motacillidae,Anthus,rubescens,,,AMPI
6870,American Redstart,Paruline flamboyante,Setophaga ruticilla,Passeriformes,Parulidae,Setophaga,ruticilla,,,AMRE
7610,American Robin,Merle d'Amérique,Turdus migratorius,Passeriformes,Turdidae,Turdus,migratorius,,,AMRO
4010,American Three-toed Woodpecker,Pic à dos rayé,Picoides dorsalis,Piciformes,Picidae,Picoides,dorsalis,,,ATTW
5590,American Tree Sparrow,Bruant hudsonien,Spizelloides arborea,Passeriformes,Passerellidae,Spizelloides,arborea,,,ATSP
1250,American White Pelican,Pélican d'Amérique,Pelecanus erythrorhynchos,Pelecaniformes,Pelecanidae,Pelecanus,erythrorhynchos,,,AWPE
1370,American Wigeon,Canard d'Amérique,Mareca americana,Anseriformes,Anatidae,Mareca,americana,,,AMWI
2280,American Woodcock,Bécasse d'Amérique,Scolopax minor,Charadriiformes,Scolopacidae,Scolopax,minor,,,AMWO
4310,Anna's Hummingbird,Colibri d'Anna,Calypte anna,Apodiformes,Trochilidae,Calypte,anna,,,ANHU
710,Arctic Tern,Sterne arctique,Sterna paradisaea,Charadriiformes,Laridae,Sterna,paradisaea,,,ARTE
7470,Arctic Warbler,Pouillot boréal,Phylloscopus borealis,Passeriformes,Phylloscopidae,Phylloscopus,borealis,,,ARWA
4540,Ash-throated Flycatcher,Tyran à gorge cendrée,Myiarchus cinerascens,Passeriformes,Tyrannidae,Myiarchus,cinerascens,,,ATFL
2410,Baird's Sandpiper,Bécasseau de Baird,Calidris bairdii,Charadriiformes,Scolopacidae,Calidris,bairdii,,,BASA
5450,Baird's Sparrow,Bruant de Baird,Centronyx bairdii,Passeriformes,Passerellidae,Centronyx,bairdii,,,BAIS
3520,Bald Eagle,Pygargue à tête blanche,Haliaeetus leucocephalus,Accipitriformes,Accipitridae,Haliaeetus,leucocephalus,,,BAEA
5070,Baltimore Oriole,Oriole de Baltimore,Icterus galbula,Passeriformes,Icteridae,Icterus,galbula,,,BAOR
3120,Band-tailed Pigeon,Pigeon à queue barrée,Patagioenas fasciata,Columbiformes,Columbidae,Patagioenas,fasciata,,,BTPI
6160,Bank Swallow,Hirondelle de rivage,Riparia riparia,Passeriformes,Hirundinidae,Riparia,riparia,,,BANS
3650,Barn Owl,Effraie des clochers,Tyto alba,Strigiformes,Tytonidae,Tyto,alba,,,ABOW
6130,Barn Swallow,Hirondelle rustique,Hirundo rustica,Passeriformes,Hirundinidae,Hirundo,rustica,,,BARS
3680,Barred Owl,Chouette rayée,Strix varia,Strigiformes,Strigidae,Strix,varia,,,BAOW
1520,Barrow's Goldeneye,Garrot d'Islande,Bucephala islandica,Anseriformes,Anatidae,Bucephala,islandica,,,BAGO
6600,Bay-breasted Warbler,Paruline à poitrine baie,Setophaga castanea,Passeriformes,Parulidae,Setophaga,castanea,,,BBWA
6330,Bell's Vireo,Viréo de Bell,Vireo bellii,Passeriformes,Vireonidae,Vireo,bellii,,,BEVI
3900,Belted Kingfisher,Martin-pêcheur d'Amérique,Megaceryle alcyon,Coraciiformes,Alcedinidae,Megaceryle,alcyon,,,BEKI
7190,Bewick's Wren,Troglodyte de Bewick,Thryomanes bewickii,Passeriformes,Troglodytidae,Thryomanes,bewickii,,,BEWR
7571,Bicknell's Thrush,Grive de Bicknell,Catharus bicknelli,Passeriformes,Turdidae,Catharus,bicknelli,,,BITH
270,Black Guillemot,Guillemot à miroir,Cepphus grylle,Charadriiformes,Alcidae,Cepphus,grylle,,,BLGU
2870,Black Oystercatcher,Huîtrier de Bachman,Haematopus bachmani,Charadriiformes,Haematopodidae,Haematopus,bachmani,,,BLOY
1630,Black Scoter,Macreuse à bec jaune,Melanitta americana,Anseriformes,Anatidae,Melanitta,americana,,,BLSC
800,Black Skimmer,Bec-en-ciseaux noir,Rynchops niger,Charadriiformes,Laridae,Rynchops,niger,,,BLSK
4220,Black Swift,Martinet sombre,Cypseloides niger,Apodiformes,Apodidae,Cypseloides,niger,,,BLSW
770,Black Tern,Guifette noire,Chlidonias niger,Charadriiformes,Laridae,Chlidonias,niger,,,BLTE
3260,Black Vulture,Urubu noir,Coragyps atratus,Cathartiformes,Cathartidae,Coragyps,atratus,,,BLVU
6360,Black-and-white Warbler,Paruline noir et blanc,Mniotilta varia,Passeriformes,Parulidae,Mniotilta,varia,,,BAWW
4000,Black-backed Woodpecker,Pic à dos noir,Picoides arcticus,Piciformes,Picidae,Picoides,arcticus,,,BBWO
2700,Black-bellied Plover,Pluvier argenté,Pluvialis squatarola,Charadriiformes,Charadriidae,Pluvialis,squatarola,,,BBPL
3880,Black-billed Cuckoo,Coulicou à bec noir,Coccyzus erythropthalmus,Cuculiformes,Cuculidae,Coccyzus,erythropthalmus,,,BBCU
4750,Black-billed Magpie,Pie d'Amérique,Pica hudsonia,Passeriformes,Corvidae,Pica,hudsonia,,,BBMA
6620,Blackburnian Warbler,Paruline à gorge orangée,Setophaga fusca,Passeriformes,Parulidae,Setophaga,fusca,,,BLBW
7350,Black-capped Chickadee,Mésange à tête noire,Poecile atricapillus,Passeriformes,Paridae,Poecile,atricapillus,,,BCCH
4290,Black-chinned Hummingbird,Colibri à gorge noire,Archilochus alexandri,Apodiformes,Trochilidae,Archilochus,alexandri,,,BCHU
2020,Black-crowned Night-Heron,Bihoreau gris,Nycticorax nycticorax,Pelecaniformes,Ardeidae,Nycticorax,nycticorax,,,BCNH
5960,Black-headed Grosbeak,Cardinal à tête noire,Pheucticus melanocephalus,Passeriformes,Cardinalidae,Pheucticus,melanocephalus,,,BHGR
551,Black-headed Gull,Mouette rieuse,Chroicocephalus ridibundus,Charadriiformes,Laridae,Chroicocephalus,ridibundus,,,BHGU
400,Black-legged Kittiwake,Mouette tridactyle,Rissa tridactyla,Charadriiformes,Laridae,Rissa,tridactyla,,,BLKI
2260,Black-necked Stilt,Échasse d'Amérique,Himantopus mexicanus,Charadriiformes,Recurvirostridae,Himantopus,mexicanus,,,BNST
6610,Blackpoll Warbler,Paruline rayée,Setophaga striata,Passeriformes,Parulidae,Setophaga,striata,,,BLPW
6540,Black-throated Blue Warbler,Paruline bleue,Setophaga caerulescens,Passeriformes,Parulidae,Setophaga,caerulescens,,,BTBW
6650,Black-throated Gray Warbler,Paruline grise,Setophaga nigrescens,Passeriformes,Parulidae,Setophaga,nigrescens,,,BTYW
6670,Black-throated Green Warbler,Paruline à gorge noire,Setophaga virens,Passeriformes,Parulidae,Setophaga,virens,,,BTNW
5730,Black-throated Sparrow,Bruant à gorge noire,Amphispiza bilineata,Passeriformes,Passerellidae,Amphispiza,bilineata,,,BTSP
5970,Blue Grosbeak,Guiraca bleu,Passerina caerulea,Passeriformes,Cardinalidae,Passerina,caerulea,,,BLGR
4770,Blue Jay,Geai bleu,Cyanocitta cristata,Passeriformes,Corvidae,Cyanocitta,cristata,,,BLJA
7510,Blue-gray Gnatcatcher,Gobemoucheron gris-bleu,Polioptila caerulea,Passeriformes,Polioptilidae,Polioptila,caerulea,,,BGGN
6290,Blue-headed Vireo,Viréo à tête bleue,Vireo solitarius,Passeriformes,Vireonidae,Vireo,solitarius,,,BHVI
7640,Bluethroat,Gorgebleue à miroir,Cyanecula svecica,Passeriformes,Muscicapidae,Cyanecula,svecica,,,BLUE
1400,Blue-winged Teal,Sarcelle à ailes bleues,Spatula discors,Anseriformes,Anatidae,Spatula,discors,,,BWTE
6410,Blue-winged Warbler,Paruline à ailes bleues,Vermivora cyanoptera,Passeriformes,Parulidae,Vermivora,cyanoptera,,,BWWA
5130,Boat-tailed Grackle,Quiscale des marais,Quiscalus major,Passeriformes,Icteridae,Quiscalus,major,,,BTGR
4940,Bobolink,Goglu des prés,Dolichonyx oryzivorus,Passeriformes,Icteridae,Dolichonyx,oryzivorus,,,BOBO
6180,Bohemian Waxwing,Jaseur boréal,Bombycilla garrulus,Passeriformes,Bombycillidae,Bombycilla,garrulus,,,BOWA
600,Bonaparte's Gull,Mouette de Bonaparte,Chroicocephalus philadelphia,Charadriiformes,Laridae,Chroicocephalus,philadelphia,,,BOGU
7400,Boreal Chickadee,Mésange à tête brune,Poecile hudsonicus,Passeriformes,Paridae,Poecile,hudsonicus,,,BOCH
3710,Boreal Owl,Nyctale de Tengmalm,Aegolius funereus,Strigiformes,Strigidae,Aegolius,funereus,,,BOOW
5100,Brewer's Blackbird,Quiscale de Brewer,Euphagus cyanocephalus,Passeriformes,Icteridae,Euphagus,cyanocephalus,,,BRBL
5620,Brewer's Sparrow,Bruant de Brewer,Spizella breweri,Passeriformes,Passerellidae,Spizella,breweri,,,BRSP
6412,Brewster's Warbler (Golden-winged x Blue-winged),Paruline de Brewster,Vermivora cyanoptera x chrysoptera,Passeriformes,Parulidae,Vermivora,cyanoptera x chrysoptera,,,BRWA
2680,Bristle-thighed Curlew,Courlis d'Alaska,Numenius tahitiensis,Charadriiformes,Scolopacidae,Numenius,tahitiensis,,,BTCU
4320,Broad-tailed Hummingbird,Colibri à queue large,Selasphorus platycercus,Apodiformes,Trochilidae,Selasphorus,platycercus,,,BTAH
3430,Broad-winged Hawk,Petite Buse,Buteo platypterus,Accipitriformes,Accipitridae,Buteo,platypterus,,,BWHA
7260,Brown Creeper,Grimpereau brun,Certhia americana,Passeriformes,Certhiidae,Certhia,americana,,,BRCR
7050,Brown Thrasher,Moqueur roux,Toxostoma rufum,Passeriformes,Mimidae,Toxostoma,rufum,,,BRTH
4950,Brown-headed Cowbird,Vacher à tête brune,Molothrus ater,Passeriformes,Icteridae,Molothrus,ater,,,BHCO
7290,Brown-headed Nuthatch,Sittelle à tête brune,Sitta pusilla,Passeriformes,Sittidae,Sitta,pusilla,,,BHNU
1530,Bufflehead,Petit Garrot,Bucephala albeola,Anseriformes,Anatidae,Bucephala,albeola,,,BUFF
5080,Bullock's Oriole,Oriole de Bullock,Icterus bullockii,Passeriformes,Icteridae,Icterus,bullockii,,,BUOR
3780,Burrowing Owl,Chevêche des terriers,Athene cunicularia,Strigiformes,Strigidae,Athene,cunicularia,,,BUOW
7430,Bushtit,Mésange buissonnière,Psaltriparus minimus,Passeriformes,Aegithalidae,Psaltriparus,minimus,,,BUSH
1725,Cackling Goose,Bernache de Hutchins,Branta hutchinsii,Anseriformes,Anatidae,Branta,hutchinsii,,,CACG
530,California Gull,Goéland de Californie,Larus californicus,Charadriiformes,Laridae,Larus,californicus,,,CAGU
2940,California Quail,Colin de Californie,Callipepla californica,Galliformes,Odontophoridae,Callipepla,californica,,,CAQU
4812,California Scrub-Jay,Geai buissonnier,Aphelocoma californica,Passeriformes,Corvidae,Aphelocoma,californica,,,CASJ
4360,Calliope Hummingbird,Colibri calliope,Selasphorus calliope,Apodiformes,Trochilidae,Selasphorus,calliope,,,CAHU
1720,Canada Goose,Bernache du Canada,Branta canadensis,Anseriformes,Anatidae,Branta,canadensis,,,CANG
4840,Canada Jay,Mésangeai du Canada,Perisoreus canadensis,Passeriformes,Corvidae,Perisoreus,canadensis,,,CAJA
6860,Canada Warbler,Paruline du Canada,Cardellina canadensis,Passeriformes,Parulidae,Cardellina,canadensis,,,CAWA
1470,Canvasback,Fuligule à dos blanc,Aythya valisineria,Anseriformes,Anatidae,Aythya,valisineria,,,CANV
7170,Canyon Wren,Troglodyte des canyons,Catherpes mexicanus,Passeriformes,Troglodytidae,Catherpes,mexicanus,,,CANW
6500,Cape May Warbler,Paruline tigrée,Setophaga tigrina,Passeriformes,Parulidae,Setophaga,tigrina,,,CMWA
7360,Carolina Chickadee,Mésange de Caroline,Poecile carolinensis,Passeriformes,Paridae,Poecile,carolinensis,,,CACH
7180,Carolina Wren,Troglodyte de Caroline,Thryothorus ludovicianus,Passeriformes,Troglodytidae,Thryothorus,ludovicianus,,,CARW
640,Caspian Tern,Sterne caspienne,Hydroprogne caspia,Charadriiformes,Laridae,Hydroprogne,caspia,,,CATE
5180,Cassin's Finch,Roselin de Cassin,Haemorhous cassinii,Passeriformes,Fringillidae,Haemorhous,cassinii,,,CAFI
6291,Cassin's Vireo,Viréo de Cassin,Vireo cassinii,Passeriformes,Vireonidae,Vireo,cassinii,,,CAVI
2001,Cattle Egret,Héron garde-boeufs,Bubulcus ibis,Pelecaniformes,Ardeidae,Bubulcus,ibis,,,CAEG
6190,Cedar Waxwing,Jaseur d'Amérique,Bombycilla cedrorum,Passeriformes,Bombycillidae,Bombycilla,cedrorum,,,CEDW
6580,Cerulean Warbler,Paruline azurée,Setophaga cerulea,Passeriformes,Parulidae,Setophaga,cerulea,,,CERW
7410,Chestnut-backed Chickadee,Mésange à dos marron,Poecile rufescens,Passeriformes,Paridae,Poecile,rufescens,,,CBCH
5380,Chestnut-collared Longspur,Plectrophane à ventre noir,Calcarius ornatus,Passeriformes,Calcariidae,Calcarius,ornatus,,,CCLO
6590,Chestnut-sided Warbler,Paruline à flancs marron,Setophaga pensylvanica,Passeriformes,Parulidae,Setophaga,pensylvanica,,,CSWA
4230,Chimney Swift,Martinet ramoneur,Chaetura pelagica,Apodiformes,Apodidae,Chaetura,pelagica,,,CHSW
5600,Chipping Sparrow,Bruant familier,Spizella passerina,Passeriformes,Passerellidae,Spizella,passerina,,,CHSP
4160,Chuck-will's-widow,Engoulevent de Caroline,Antrostomus carolinensis,Caprimulgiformes,Caprimulgidae,Antrostomus,carolinensis,,,CWWI
2882,Chukar,Perdrix choukar,Alectoris chukar,Galliformes,Phasianidae,Alectoris,chukar,,,CHUK
1410,Cinnamon Teal,Sarcelle cannelle,Spatula cyanoptera,Anseriformes,Anatidae,Spatula,cyanoptera,,,CITE
2110,Clapper Rail,Râle tapageur,Rallus crepitans,Gruiformes,Rallidae,Rallus,crepitans,,,CLRA
11,Clark's Grebe,Grèbe à face blanche,Aechmophorus clarkii,Podicipediformes,Podicipedidae,Aechmophorus,clarkii,,,CLGR
4910,Clark's Nutcracker,Cassenoix d'Amérique,Nucifraga columbiana,Passeriformes,Corvidae,Nucifraga,columbiana,,,CLNU
5610,Clay-colored Sparrow,Bruant des plaines,Spizella pallida,Passeriformes,Passerellidae,Spizella,pallida,,,CCSP
6120,Cliff Swallow,Hirondelle à front blanc,Petrochelidon pyrrhonota,Passeriformes,Hirundinidae,Petrochelidon,pyrrhonota,,,CLSW
1590,Common Eider,Eider à duvet,Somateria mollissima,Anseriformes,Anatidae,Somateria,mollissima,,,COEI
2190,Common Gallinule,Gallinule d'Amérique,Gallinula galeata,Gruiformes,Rallidae,Gallinula,galeata,,,COGA
1510,Common Goldeneye,Garrot à oeil d'or,Bucephala clangula,Anseriformes,Anatidae,Bucephala,clangula,,,COGO
5110,Common Grackle,Quiscale bronzé,Quiscalus quiscula,Passeriformes,Icteridae,Quiscalus,quiscula,,,COGR
70,Common Loon,Plongeon huard,Gavia immer,Gaviiformes,Gaviidae,Gavia,immer,,,COLO
1290,Common Merganser,Grand Harle,Mergus merganser,Anseriformes,Anatidae,Mergus,merganser,,,COME
300,Common Murre,Guillemot marmette,Uria aalge,Charadriiformes,Alcidae,Uria,aalge,,,COMU
4200,Common Nighthawk,Engoulevent d'Amérique,Chordeiles minor,Caprimulgiformes,Caprimulgidae,Chordeiles,minor,,,CONI
4180,Common Poorwill,Engoulevent de Nuttall,Phalaenoptilus nuttallii,Caprimulgiformes,Caprimulgidae,Phalaenoptilus,nuttallii,,,COPO
4860,Common Raven,Grand Corbeau,Corvus corax,Passeriformes,Corvidae,Corvus,corax,,,CORA
5280,Common Redpoll,Sizerin flammé,Acanthis flammea,Passeriformes,Fringillidae,Acanthis,flammea,,,REDP
700,Common Tern,Sterne pierregarin,Sterna hirundo,Charadriiformes,Laridae,Sterna,hirundo,,,COTE
6810,Common Yellowthroat,Paruline masquée,Geothlypis trichas,Passeriformes,Parulidae,Geothlypis,trichas,,,COYE
6780,Connecticut Warbler,Paruline à gorge grise,Oporornis agilis,Passeriformes,Parulidae,Oporornis,agilis,,,CONW
3330,Cooper's Hawk,Épervier de Cooper,Accipiter cooperii,Accipitriformes,Accipitridae,Accipiter,cooperii,,,COHA
4640,Cordilleran Flycatcher,Moucherolle des ravins,Empidonax occidentalis,Passeriformes,Tyrannidae,Empidonax,occidentalis,,,WEFL
6040,Dickcissel,Dickcissel d'Amérique,Spiza americana,Passeriformes,Cardinalidae,Spiza,americana,,,DICK
1200,Double-crested Cormorant,Cormoran à aigrettes,Phalacrocorax auritus,Suliformes,Phalacrocoracidae,Phalacrocorax,auritus,,,DCCO
3940,Downy Woodpecker,Pic mineur,Dryobates pubescens,Piciformes,Picidae,Dryobates,pubescens,,,DOWO
2430,Dunlin,Bécasseau variable,Calidris alpina,Charadriiformes,Scolopacidae,Calidris,alpina,,,DUNL
4690,Dusky Flycatcher,Moucherolle sombre,Empidonax oberholseri,Passeriformes,Tyrannidae,Empidonax,oberholseri,,,DUFL
2970,Dusky Grouse,Tétras sombre,Dendragapus obscurus,Galliformes,Phasianidae,Dendragapus,obscurus,,,DUGR
40,Eared Grebe,Grèbe à cou noir,Podiceps nigricollis,Podicipediformes,Podicipedidae,Podiceps,nigricollis,,,EAGR
7660,Eastern Bluebird,Merlebleu de l'Est,Sialia sialis,Passeriformes,Turdidae,Sialia,sialis,,,EABL
4440,Eastern Kingbird,Tyran tritri,Tyrannus tyrannus,Passeriformes,Tyrannidae,Tyrannus,tyrannus,,,EAKI
5010,Eastern Meadowlark,Sturnelle des prés,Sturnella magna,Passeriformes,Icteridae,Sturnella,magna,,,EAME
4560,Eastern Phoebe,Moucherolle phébi,Sayornis phoebe,Passeriformes,Tyrannidae,Sayornis,phoebe,,,EAPH
3730,Eastern Screech-Owl,Petit-duc maculé,Megascops asio,Strigiformes,Strigidae,Megascops,asio,,,EASO
5870,Eastern Towhee,Tohi à flancs roux,Pipilo erythrophthalmus,Passeriformes,Passerellidae,Pipilo,erythrophthalmus,,,EATO
4171,Eastern Whip-poor-will,Engoulevent bois-pourri,Antrostomus vociferus,Caprimulgiformes,Caprimulgidae,Antrostomus,vociferus,,,EWPW
4610,Eastern Wood-Pewee,Pioui de l'Est,Contopus virens,Passeriformes,Tyrannidae,Contopus,virens,,,EAWP
6960,Eastern Yellow Wagtail,Bergeronnette de Béringie,Motacilla tschutschensis,Passeriformes,Motacillidae,Motacilla,tschutschensis,,,EYWA
22860,Eurasian Collared-Dove,Tourterelle turque,Streptopelia decaocto,Columbiformes,Columbidae,Streptopelia,decaocto,,,EUCD
4730,Eurasian Skylark,Alouette des champs,Alauda arvensis,Passeriformes,Alaudidae,Alauda,arvensis,,,EUSK
6883,Eurasian Tree Sparrow,Moineau friquet,Passer montanus,Passeriformes,Passeridae,Passer,montanus,,,ETSP
1360,Eurasian Wigeon,Canard siffleur,Mareca penelope,Anseriformes,Anatidae,Mareca,penelope,,,EUWI
5261,European Goldfinch,Chardonneret élégant,Carduelis carduelis,Passeriformes,Fringillidae,Carduelis,carduelis,,,EUGO
4930,European Starling,Étourneau sansonnet,Sturnus vulgaris,Passeriformes,Sturnidae,Sturnus,vulgaris,,,EUST
5140,Evening Grosbeak,Gros-bec errant,Coccothraustes vespertinus,Passeriformes,Fringillidae,Coccothraustes,vespertinus,,,EVGR
3480,Ferruginous Hawk,Buse rouilleuse,Buteo regalis,Accipitriformes,Accipitridae,Buteo,regalis,,,FEHA
5630,Field Sparrow,Bruant des champs,Spizella pusilla,Passeriformes,Passerellidae,Spizella,pusilla,,,FISP
4900,Fish Crow,Corneille de rivage,Corvus ossifragus,Passeriformes,Corvidae,Corvus,ossifragus,,,FICR
690,Forster's Tern,Sterne de Forster,Sterna forsteri,Charadriiformes,Laridae,Sterna,forsteri,,,FOTE
5850,Fox Sparrow,Bruant fauve,Passerella iliaca,Passeriformes,Passerellidae,Passerella,iliaca,,,FOSP
590,Franklin's Gull,Mouette de Franklin,Leucophaeus pipixcan,Charadriiformes,Laridae,Leucophaeus,pipixcan,,,FRGU
1350,Gadwall,Canard chipeau,Mareca strepera,Anseriformes,Anatidae,Mareca,strepera,,,GADW
420,Glaucous Gull,Goéland bourgmestre,Larus hyperboreus,Charadriiformes,Laridae,Larus,hyperboreus,,,GLGU
440,Glaucous-winged Gull,Goéland à ailes grises,Larus glaucescens,Charadriiformes,Laridae,Larus,glaucescens,,,GWGU
1860,Glossy Ibis,Ibis falcinelle,Plegadis falcinellus,Pelecaniformes,Threskiornithidae,Plegadis,falcinellus,,,GLIB
3490,Golden Eagle,Aigle royal,Aquila chrysaetos,Accipitriformes,Accipitridae,Aquila,chrysaetos,,,GOEA
7480,Golden-crowned Kinglet,Roitelet à couronne dorée,Regulus satrapa,Passeriformes,Regulidae,Regulus,satrapa,,,GCKI
5570,Golden-crowned Sparrow,Bruant à couronne dorée,Zonotrichia atricapilla,Passeriformes,Passerellidae,Zonotrichia,atricapilla,,,GCSP
6420,Golden-winged Warbler,Paruline à ailes dorées,Vermivora chrysoptera,Passeriformes,Parulidae,Vermivora,chrysoptera,,,GWWA
5460,Grasshopper Sparrow,Bruant sauterelle,Ammodramus savannarum,Passeriformes,Passerellidae,Ammodramus,savannarum,,,GRSP
7040,Gray Catbird,Moqueur chat,Dumetella carolinensis,Passeriformes,Mimidae,Dumetella,carolinensis,,,GRCA
4691,Gray Flycatcher,Moucherolle gris,Empidonax wrightii,Passeriformes,Tyrannidae,Empidonax,wrightii,,,GRFL
2881,Gray Partridge,Perdrix grise,Perdix perdix,Galliformes,Phasianidae,Perdix,perdix,,,GRAP
7570,Gray-cheeked Thrush,Grive à joues grises,Catharus minimus,Passeriformes,Turdidae,Catharus,minimus,,,GCTH
5240,Gray-crowned Rosy-Finch,Roselin à tête grise,Leucosticte tephrocotis,Passeriformes,Fringillidae,Leucosticte,tephrocotis,,,GCRF
470,Great Black-backed Gull,Goéland marin,Larus marinus,Charadriiformes,Laridae,Larus,marinus,,,GBBG
1940,Great Blue Heron,Grand Héron,Ardea herodias,Pelecaniformes,Ardeidae,Ardea,herodias,,,GBHE
1190,Great Cormorant,Grand Cormoran,Phalacrocorax carbo,Suliformes,Phalacrocoracidae,Phalacrocorax,carbo,,,GRCO
4520,Great Crested Flycatcher,Tyran huppé,Myiarchus crinitus,Passeriformes,Tyrannidae,Myiarchus,crinitus,,,GCFL
1960,Great Egret,Grande Aigrette,Ardea alba,Pelecaniformes,Ardeidae,Ardea,alba,,,GREG
3700,Great Gray Owl,Chouette lapone,Strix nebulosa,Strigiformes,Strigidae,Strix,nebulosa,,,GGOW
3750,Great Horned Owl,Grand-duc d'Amérique,Bubo virginianus,Strigiformes,Strigidae,Bubo,virginianus,,,GHOW
3050,Greater Prairie-Chicken,Tétras des prairies,Tympanuchus cupido,Galliformes,Phasianidae,Tympanuchus,cupido,,,GRPC
3090,Greater Sage-Grouse,Tétras des armoises,Centrocercus urophasianus,Galliformes,Phasianidae,Centrocercus,urophasianus,,,GRSG
1480,Greater Scaup,Fuligule milouinan,Aythya marila,Anseriformes,Anatidae,Aythya,marila,,,GRSC
1710,Greater White-fronted Goose,Oie rieuse,Anser albifrons,Anseriformes,Anatidae,Anser,albifrons,,,GWFG
2540,Greater Yellowlegs,Grand Chevalier,Tringa melanoleuca,Charadriiformes,Scolopacidae,Tringa,melanoleuca,,,GRYE
5120,Great-tailed Grackle,Quiscale à longue queue,Quiscalus mexicanus,Passeriformes,Icteridae,Quiscalus,mexicanus,,,GTGR
2010,Green Heron,Héron vert,Butorides virescens,Pelecaniformes,Ardeidae,Butorides,virescens,,,GRHE
5900,Green-tailed Towhee,Tohi à queue verte,Pipilo chlorurus,Passeriformes,Passerellidae,Pipilo,chlorurus,,,GTTO
1390,Green-winged Teal,Sarcelle d'hiver,Anas crecca,Anseriformes,Anatidae,Anas,crecca,,,GWTE
630,Gull-billed Tern,Sterne hansel,Gelochelidon nilotica,Charadriiformes,Laridae,Gelochelidon,nilotica,,,GBTE
3540,Gyrfalcon,Faucon gerfaut,Falco rusticolus,Falconiformes,Falconidae,Falco,rusticolus,,,GYRF
3930,Hairy Woodpecker,Pic chevelu,Dryobates villosus,Piciformes,Picidae,Dryobates,villosus,,,HAWO
4680,Hammond's Flycatcher,Moucherolle de Hammond,Empidonax hammondii,Passeriformes,Tyrannidae,Empidonax,hammondii,,,HAFL
1550,Harlequin Duck,Arlequin plongeur,Histrionicus histrionicus,Anseriformes,Anatidae,Histrionicus,histrionicus,,,HADU
5530,Harris's Sparrow,Bruant à face noire,Zonotrichia querula,Passeriformes,Passerellidae,Zonotrichia,querula,,,HASP
5470,Henslow's Sparrow,Bruant de Henslow,Centronyx henslowii,Passeriformes,Passerellidae,Centronyx,henslowii,,,HESP
7590,Hermit Thrush,Grive solitaire,Catharus guttatus,Passeriformes,Turdidae,Catharus,guttatus,,,HETH
6690,Hermit Warbler,Paruline à tête jaune,Setophaga occidentalis,Passeriformes,Parulidae,Setophaga,occidentalis,,,HEWA
510,Herring Gull,Goéland argenté,Larus argentatus,Charadriiformes,Laridae,Larus,argentatus,,,AHGU
5270,Hoary Redpoll,Sizerin blanchâtre,Acanthis hornemanni,Passeriformes,Fringillidae,Acanthis,hornemanni,,,REDP
1310,Hooded Merganser,Harle couronné,Lophodytes cucullatus,Anseriformes,Anatidae,Lophodytes,cucullatus,,,HOME
6840,Hooded Warbler,Paruline à capuchon,Setophaga citrina,Passeriformes,Parulidae,Setophaga,citrina,,,HOWA
30,Horned Grebe,Grèbe esclavon,Podiceps auritus,Podicipediformes,Podicipedidae,Podiceps,auritus,,,HOGR
4740,Horned Lark,Alouette hausse-col,Eremophila alpestris,Passeriformes,Alaudidae,Eremophila,alpestris,,,HOLA
140,Horned Puffin,Macareux cornu,Fratercula corniculata,Charadriiformes,Alcidae,Fratercula,corniculata,,,HOPU
5190,House Finch,Roselin familier,Haemorhous mexicanus,Passeriformes,Fringillidae,Haemorhous,mexicanus,,,HOFI
6882,House Sparrow,Moineau domestique,Passer domesticus,Passeriformes,Passeridae,Passer,domesticus,,,HOSP
7210,House Wren,Troglodyte familier,Troglodytes aedon,Passeriformes,Troglodytidae,Troglodytes,aedon,,,NHWR
2510,Hudsonian Godwit,Barge hudsonienne,Limosa haemastica,Charadriiformes,Scolopacidae,Limosa,haemastica,,,HUGO
6320,Hutton's Vireo,Viréo de Hutton,Vireo huttoni,Passeriformes,Vireonidae,Vireo,huttoni,,,HUVI
5986,hybrid Lazuli Bunting x Indigo Bunting,hybride Passerin azuré x Passerin indigo,Passerina amoena x cyanea,Passeriformes,Cardinalidae,Passerina,amoena x cyanea,,,INBU
1326,hybrid Mallard x Mexican,,,,,,,,,UNDU
4125,hybrid Northern Flicker (Red x Yellow-shafted),hybride Pic flamboyant (cafer x auratus),Colaptes auratus auratus x auratus cafer,Piciformes,Picidae,Colaptes,auratus auratus x auratus cafer,,,UNWO
6686,hybrid Townsend's Warbler x Hermit Warbler,hybride Paruline de Townsend x à tête jaune,Setophaga townsendi x occidentalis,Passeriformes,Parulidae,Setophaga,townsendi x occidentalis,,,UNWA
495,hybrid Western Gull x Glaucous-winged Gull,hybride Goéland à ailes grises x d'Audubon,Larus occidentalis x glaucescens,Charadriiformes,Laridae,Larus,occidentalis x glaucescens,,,UNGU
5980,Indigo Bunting,Passerin indigo,Passerina cyanea,Passeriformes,Cardinalidae,Passerina,cyanea,,,INBU
7331,Juniper Titmouse,Mésange des genévriers,Baeolophus ridgwayi,Passeriformes,Paridae,Baeolophus,ridgwayi,,,JUTI
6770,Kentucky Warbler,Paruline du Kentucky,Geothlypis formosa,Passeriformes,Parulidae,Geothlypis,formosa,,,KEWA
2730,Killdeer,Pluvier kildir,Charadrius vociferus,Charadriiformes,Charadriidae,Charadrius,vociferus,,,KILL
1620,King Eider,Eider à tête grise,Somateria spectabilis,Anseriformes,Anatidae,Somateria,spectabilis,,,KIEI
2080,King Rail,Râle élégant,Rallus elegans,Gruiformes,Rallidae,Rallus,elegans,,,KIRA
6700,Kirtland's Warbler,Paruline de Kirtland,Setophaga kirtlandii,Passeriformes,Parulidae,Setophaga,kirtlandii,,,KIWA
5360,Lapland Longspur,Plectrophane lapon,Calcarius lapponicus,Passeriformes,Calcariidae,Calcarius,lapponicus,,,LALO
6050,Lark Bunting,Bruant noir et blanc,Calamospiza melanocorys,Passeriformes,Passerellidae,Calamospiza,melanocorys,,,LARB
5520,Lark Sparrow,Bruant à joues marron,Chondestes grammacus,Passeriformes,Passerellidae,Chondestes,grammacus,,,LASP
580,Laughing Gull,Mouette atricille,Leucophaeus atricilla,Charadriiformes,Laridae,Leucophaeus,atricilla,,,LAGU
5990,Lazuli Bunting,Passerin azuré,Passerina amoena,Passeriformes,Cardinalidae,Passerina,amoena,,,LAZB
1060,Leach's Storm-Petrel,Océanite cul-blanc,Hydrobates leucorhous,Procellariiformes,Hydrobatidae,Hydrobates,leucorhous,,,LESP
1910,Least Bittern,Petit Blongios,Ixobrychus exilis,Pelecaniformes,Ardeidae,Ixobrychus,exilis,,,LEBI
4670,Least Flycatcher,Moucherolle tchébec,Empidonax minimus,Passeriformes,Tyrannidae,Empidonax,minimus,,,LEFL
2420,Least Sandpiper,Bécasseau minuscule,Calidris minutilla,Charadriiformes,Scolopacidae,Calidris,minutilla,,,LESA
740,Least Tern,Petite Sterne,Sternula antillarum,Charadriiformes,Laridae,Sternula,antillarum,,,LETE
5480,LeConte's Sparrow,Bruant de LeConte,Ammospiza leconteii,Passeriformes,Passerellidae,Ammospiza,leconteii,,,LCSP
5300,Lesser Goldfinch,Chardonneret mineur,Spinus psaltria,Passeriformes,Fringillidae,Spinus,psaltria,,,LEGO
1490,Lesser Scaup,Petit Fuligule,Aythya affinis,Anseriformes,Anatidae,Aythya,affinis,,,LESC
2550,Lesser Yellowlegs,Petit Chevalier,Tringa flavipes,Charadriiformes,Scolopacidae,Tringa,flavipes,,,LEYE
4080,Lewis's Woodpecker,Pic de Lewis,Melanerpes lewis,Piciformes,Picidae,Melanerpes,lewis,,,LEWO
5830,Lincoln's Sparrow,Bruant de Lincoln,Melospiza lincolnii,Passeriformes,Passerellidae,Melospiza,lincolnii,,,LISP
2000,Little Blue Heron,Aigrette bleue,Egretta caerulea,Pelecaniformes,Ardeidae,Egretta,caerulea,,,LBHE
6220,Loggerhead Shrike,Pie-grièche migratrice,Lanius ludovicianus,Passeriformes,Laniidae,Lanius,ludovicianus,,,LOSH
2640,Long-billed Curlew,Courlis à long bec,Numenius americanus,Charadriiformes,Scolopacidae,Numenius,americanus,,,LBCU
3660,Long-eared Owl,Hibou moyen-duc,Asio otus,Strigiformes,Strigidae,Asio,otus,,,LEOW
1540,Long-tailed Duck,Harelde kakawi,Clangula hyemalis,Anseriformes,Anatidae,Clangula,hyemalis,,,LTDU
380,Long-tailed Jaeger,Labbe à longue queue,Stercorarius longicaudus,Charadriiformes,Stercorariidae,Stercorarius,longicaudus,,,LTJA
6760,Louisiana Waterthrush,Paruline hochequeue,Parkesia motacilla,Passeriformes,Parulidae,Parkesia,motacilla,,,LOWA
6800,MacGillivray's Warbler,Paruline des buissons,Geothlypis tolmiei,Passeriformes,Parulidae,Geothlypis,tolmiei,,,MGWA
6570,Magnolia Warbler,Paruline à tête cendrée,Setophaga magnolia,Passeriformes,Parulidae,Setophaga,magnolia,,,MAWA
1320,Mallard,Canard colvert,Anas platyrhynchos,Anseriformes,Anatidae,Anas,platyrhynchos,,,MALL
900,Manx Shearwater,Puffin des Anglais,Puffinus puffinus,Procellariiformes,Procellariidae,Puffinus,puffinus,,,MASH
2490,Marbled Godwit,Barge marbrée,Limosa fedoa,Charadriiformes,Scolopacidae,Limosa,fedoa,,,MAGO
230,Marbled Murrelet,Guillemot marbré,Brachyramphus marmoratus,Charadriiformes,Alcidae,Brachyramphus,marmoratus,,,MAMU
7250,Marsh Wren,Troglodyte des marais,Cistothorus palustris,Passeriformes,Troglodytidae,Cistothorus,palustris,,,MAWR
3570,Merlin,Faucon émerillon,Falco columbarius,Falconiformes,Falconidae,Falco,columbarius,,,MERL
550,Mew Gull,Goéland cendré,Larus canus,Charadriiformes,Laridae,Larus,canus,,,COGU
3290,Mississippi Kite,Milan du Mississippi,Ictinia mississippiensis,Accipitriformes,Accipitridae,Ictinia,mississippiensis,,,MIKI
7680,Mountain Bluebird,Merlebleu azuré,Sialia currucoides,Passeriformes,Turdidae,Sialia,currucoides,,,MOBL
7380,Mountain Chickadee,Mésange de Gambel,Poecile gambeli,Passeriformes,Paridae,Poecile,gambeli,,,MOCH
3160,Mourning Dove,Tourterelle triste,Zenaida macroura,Columbiformes,Columbidae,Zenaida,macroura,,,MODO
6790,Mourning Warbler,Paruline triste,Geothlypis philadelphia,Passeriformes,Parulidae,Geothlypis,philadelphia,,,MOWA
1782,Mute Swan,Cygne tuberculé,Cygnus olor,Anseriformes,Anatidae,Cygnus,olor,,,MUSW
6450,Nashville Warbler,Paruline à joues grises,Leiothlypis ruficapilla,Passeriformes,Parulidae,Leiothlypis,ruficapilla,,,NAWA
5491,Nelson's Sparrow,Bruant de Nelson,Ammospiza nelsoni,Passeriformes,Passerellidae,Ammospiza,nelsoni,,,NESP
2890,Northern Bobwhite,Colin de Virginie,Colinus virginianus,Galliformes,Odontophoridae,Colinus,virginianus,,,NOBO
5930,Northern Cardinal,Cardinal rouge,Cardinalis cardinalis,Passeriformes,Cardinalidae,Cardinalis,cardinalis,,,NOCA
1170,Northern Gannet,Fou de Bassan,Morus bassanus,Suliformes,Sulidae,Morus,bassanus,,,NOGA
3340,Northern Goshawk,Autour des palombes,Accipiter gentilis,Accipitriformes,Accipitridae,Accipiter,gentilis,,,NOGO
3310,Northern Harrier,Busard des marais,Circus hudsonius,Accipitriformes,Accipitridae,Circus,hudsonius,,,NOHA
3770,Northern Hawk Owl,Chouette épervière,Surnia ulula,Strigiformes,Strigidae,Surnia,ulula,,,NHOW
7030,Northern Mockingbird,Moqueur polyglotte,Mimus polyglottos,Passeriformes,Mimidae,Mimus,polyglottos,,,NOMO
6480,Northern Parula,Paruline à collier,Setophaga americana,Passeriformes,Parulidae,Setophaga,americana,,,NOPA
1430,Northern Pintail,Canard pilet,Anas acuta,Anseriformes,Anatidae,Anas,acuta,,,NOPI
3790,Northern Pygmy-Owl,Chevêchette naine,Glaucidium gnoma,Strigiformes,Strigidae,Glaucidium,gnoma,,,NOPO
6170,Northern Rough-winged Swallow,Hirondelle à ailes hérissées,Stelgidopteryx serripennis,Passeriformes,Hirundinidae,Stelgidopteryx,serripennis,,,NRWS
3720,Northern Saw-whet Owl,Petite Nyctale,Aegolius acadicus,Strigiformes,Strigidae,Aegolius,acadicus,,,NSWO
1420,Northern Shoveler,Canard souchet,Spatula clypeata,Anseriformes,Anatidae,Spatula,clypeata,,,NSHO
6210,Northern Shrike,Pie-grièche boréale,Lanius borealis,Passeriformes,Laniidae,Lanius,borealis,,,NSHR
6750,Northern Waterthrush,Paruline des ruisseaux,Parkesia noveboracensis,Passeriformes,Parulidae,Parkesia,noveboracensis,,,NOWA
7650,Northern Wheatear,Traquet motteux,Oenanthe oenanthe,Passeriformes,Muscicapidae,Oenanthe,oenanthe,,,NOWH
4590,Olive-sided Flycatcher,Moucherolle à côtés olive,Contopus cooperi,Passeriformes,Tyrannidae,Contopus,cooperi,,,OSFL
6460,Orange-crowned Warbler,Paruline verdâtre,Leiothlypis celata,Passeriformes,Parulidae,Leiothlypis,celata,,,OCWA
5060,Orchard Oriole,Oriole des vergers,Icterus spurius,Passeriformes,Icteridae,Icterus,spurius,,,OROR
3640,Osprey,Balbuzard pêcheur,Pandion haliaetus,Accipitriformes,Pandionidae,Pandion,haliaetus,,,OSPR
6740,Ovenbird,Paruline couronnée,Seiurus aurocapilla,Passeriformes,Parulidae,Seiurus,aurocapilla,,,OVEN
2721,Pacific Golden-Plover,Pluvier fauve,Pluvialis fulva,Charadriiformes,Charadriidae,Pluvialis,fulva,,,PAGP
100,Pacific Loon,Plongeon du Pacifique,Gavia pacifica,Gaviiformes,Gaviidae,Gavia,pacifica,,,PALO
7221,Pacific Wren,Troglodyte de Baird,Troglodytes pacificus,Passeriformes,Troglodytidae,Troglodytes,pacificus,,,PAWR
4641,Pacific-slope Flycatcher,Moucherolle côtier,Empidonax difficilis,Passeriformes,Tyrannidae,Empidonax,difficilis,,,WEFL
6720,Palm Warbler,Paruline à couronne rousse,Setophaga palmarum,Passeriformes,Parulidae,Setophaga,palmarum,,,PAWA
370,Parasitic Jaeger,Labbe parasite,Stercorarius parasiticus,Charadriiformes,Stercorariidae,Stercorarius,parasiticus,,,PAJA
2390,Pectoral Sandpiper,Bécasseau à poitrine cendrée,Calidris melanotos,Charadriiformes,Scolopacidae,Calidris,melanotos,,,PESA
1230,Pelagic Cormorant,Cormoran pélagique,Phalacrocorax pelagicus,Suliformes,Phalacrocoracidae,Phalacrocorax,pelagicus,,,PECO
3560,Peregrine Falcon,Faucon pèlerin,Falco peregrinus,Falconiformes,Falconidae,Falco,peregrinus,,,PEFA
6260,Philadelphia Vireo,Viréo de Philadelphie,Vireo philadelphicus,Passeriformes,Vireonidae,Vireo,philadelphicus,,,PHVI
60,Pied-billed Grebe,Grèbe à bec bigarré,Podilymbus podiceps,Podicipediformes,Podicipedidae,Podilymbus,podiceps,,,PBGR
290,Pigeon Guillemot,Guillemot colombin,Cepphus columba,Charadriiformes,Alcidae,Cepphus,columba,,,PIGU
4050,Pileated Woodpecker,Grand Pic,Dryocopus pileatus,Piciformes,Picidae,Dryocopus,pileatus,,,PIWO
5150,Pine Grosbeak,Durbec des sapins,Pinicola enucleator,Passeriformes,Fringillidae,Pinicola,enucleator,,,PIGR
5330,Pine Siskin,Tarin des pins,Spinus pinus,Passeriformes,Fringillidae,Spinus,pinus,,,PISI
6710,Pine Warbler,Paruline des pins,Setophaga pinus,Passeriformes,Parulidae,Setophaga,pinus,,,PIWA
4920,Pinyon Jay,Geai des pinèdes,Gymnorhinus cyanocephalus,Passeriformes,Corvidae,Gymnorhinus,cyanocephalus,,,PIJA
2770,Piping Plover,Pluvier siffleur,Charadrius melodus,Charadriiformes,Charadriidae,Charadrius,melodus,,,PIPL
6292,Plumbeous Vireo,Viréo plombé,Vireo plumbeus,Passeriformes,Vireonidae,Vireo,plumbeus,,,PLVI
3550,Prairie Falcon,Faucon des prairies,Falco mexicanus,Falconiformes,Falconidae,Falco,mexicanus,,,PRFA
6730,Prairie Warbler,Paruline des prés,Setophaga discolor,Passeriformes,Parulidae,Setophaga,discolor,,,PRAW
6370,Prothonotary Warbler,Paruline orangée,Protonotaria citrea,Passeriformes,Parulidae,Protonotaria,citrea,,,PROW
5170,Purple Finch,Roselin pourpré,Haemorhous purpureus,Passeriformes,Fringillidae,Haemorhous,purpureus,,,PUFI
6110,Purple Martin,Hirondelle noire,Progne subis,Passeriformes,Hirundinidae,Progne,subis,,,PUMA
7300,Pygmy Nuthatch,Sittelle pygmée,Sitta pygmaea,Passeriformes,Sittidae,Sitta,pygmaea,,,PYNU
320,Razorbill,Petit Pingouin,Alca torda,Charadriiformes,Alcidae,Alca,torda,,,RAZO
5210,Red Crossbill,Bec-croisé des sapins,Loxia curvirostra,Passeriformes,Fringillidae,Loxia,curvirostra,,,RECR
4090,Red-bellied Woodpecker,Pic à ventre roux,Melanerpes carolinus,Piciformes,Picidae,Melanerpes,carolinus,,,RBWO
1300,Red-breasted Merganser,Harle huppé,Mergus serrator,Anseriformes,Anatidae,Mergus,serrator,,,RBME
7280,Red-breasted Nuthatch,Sittelle à poitrine rousse,Sitta canadensis,Passeriformes,Sittidae,Sitta,canadensis,,,RBNU
4030,Red-breasted Sapsucker,Pic à poitrine rouge,Sphyrapicus ruber,Piciformes,Picidae,Sphyrapicus,ruber,,,RBSA
6240,Red-eyed Vireo,Viréo aux yeux rouges,Vireo olivaceus,Passeriformes,Vireonidae,Vireo,olivaceus,,,REVI
1460,Redhead,Fuligule à tête rouge,Aythya americana,Anseriformes,Anatidae,Aythya,americana,,,REDH
4060,Red-headed Woodpecker,Pic à tête rouge,Melanerpes erythrocephalus,Piciformes,Picidae,Melanerpes,erythrocephalus,,,RHWO
4021,Red-naped Sapsucker,Pic à nuque rouge,Sphyrapicus nuchalis,Piciformes,Picidae,Sphyrapicus,nuchalis,,,RNSA
20,Red-necked Grebe,Grèbe jougris,Podiceps grisegena,Podicipediformes,Podicipedidae,Podiceps,grisegena,,,RNGR
2230,Red-necked Phalarope,Phalarope à bec étroit,Phalaropus lobatus,Charadriiformes,Scolopacidae,Phalaropus,lobatus,,,RNPH
3390,Red-shouldered Hawk,Buse à épaulettes,Buteo lineatus,Accipitriformes,Accipitridae,Buteo,lineatus,,,RSHA
3370,Red-tailed Hawk,Buse à queue rousse,Buteo jamaicensis,Accipitriformes,Accipitridae,Buteo,jamaicensis,,,RTHA
110,Red-throated Loon,Plongeon catmarin,Gavia stellata,Gaviiformes,Gaviidae,Gavia,stellata,,,RTLO
4980,Red-winged Blackbird,Carouge à épaulettes,Agelaius phoeniceus,Passeriformes,Icteridae,Agelaius,phoeniceus,,,RWBL
150,Rhinoceros Auklet,Macareux rhinocéros,Cerorhinca monocerata,Charadriiformes,Alcidae,Cerorhinca,monocerata,,,RHAU
540,Ring-billed Gull,Goéland à bec cerclé,Larus delawarensis,Charadriiformes,Laridae,Larus,delawarensis,,,RBGU
1500,Ring-necked Duck,Fuligule à collier,Aythya collaris,Anseriformes,Anatidae,Aythya,collaris,,,RNDU
3091,Ring-necked Pheasant,Faisan de Colchide,Phasianus colchicus,Galliformes,Phasianidae,Phasianus,colchicus,,,RNEP
3131,Rock Pigeon,Pigeon biset,Columba livia,Columbiformes,Columbidae,Columba,livia,,,ROPI
3020,Rock Ptarmigan,Lagopède alpin,Lagopus muta,Galliformes,Phasianidae,Lagopus,muta,,,ROPT
2356,Rock Sandpiper,Bécasseau des Aléoutiennes,Calidris ptilocnemis,Charadriiformes,Scolopacidae,Calidris,ptilocnemis,,,ROSA
7150,Rock Wren,Troglodyte des rochers,Salpinctes obsoletus,Passeriformes,Troglodytidae,Salpinctes,obsoletus,,,ROWR
5950,Rose-breasted Grosbeak,Cardinal à poitrine rose,Pheucticus ludovicianus,Passeriformes,Cardinalidae,Pheucticus,ludovicianus,,,RBGR
1700,Ross's Goose,Oie de Ross,Anser rossii,Anseriformes,Anatidae,Anser,rossii,,,ROGO
3470,Rough-legged Hawk,Buse pattue,Buteo lagopus,Accipitriformes,Accipitridae,Buteo,lagopus,,,RLHA
7490,Ruby-crowned Kinglet,Roitelet à couronne rubis,Regulus calendula,Passeriformes,Regulidae,Regulus,calendula,,,RCKI
4280,Ruby-throated Hummingbird,Colibri à gorge rubis,Archilochus colubris,Apodiformes,Trochilidae,Archilochus,colubris,,,RTHU
1670,Ruddy Duck,Érismature rousse,Oxyura jamaicensis,Anseriformes,Anatidae,Oxyura,jamaicensis,,,RUDU
3000,Ruffed Grouse,Gélinotte huppée,Bonasa umbellus,Galliformes,Phasianidae,Bonasa,umbellus,,,RUGR
4330,Rufous Hummingbird,Colibri roux,Selasphorus rufus,Apodiformes,Trochilidae,Selasphorus,rufus,,,RUHU
5090,Rusty Blackbird,Quiscale rouilleux,Euphagus carolinus,Passeriformes,Icteridae,Euphagus,carolinus,,,RUBL
7020,Sage Thrasher,Moqueur des armoises,Oreoscoptes montanus,Passeriformes,Mimidae,Oreoscoptes,montanus,,,SATH
5738,Sagebrush Sparrow,Bruant des armoises,Artemisiospiza nevadensis,Passeriformes,Passerellidae,Artemisiospiza,nevadensis,,,SABS
5490,Saltmarsh Sparrow,Bruant à queue aiguë,Ammospiza caudacuta,Passeriformes,Passerellidae,Ammospiza,caudacuta,,,SALS
2480,Sanderling,Bécasseau sanderling,Calidris alba,Charadriiformes,Scolopacidae,Calidris,alba,,,SAND
2060,Sandhill Crane,Grue du Canada,Antigone canadensis,Gruiformes,Gruidae,Antigone,canadensis,,,SACR
5420,Savannah Sparrow,Bruant des prés,Passerculus sandwichensis,Passeriformes,Passerellidae,Passerculus,sandwichensis,,,SAVS
4570,Say's Phoebe,Moucherolle à ventre roux,Sayornis saya,Passeriformes,Tyrannidae,Sayornis,saya,,,SAPH
6080,Scarlet Tanager,Piranga écarlate,Piranga olivacea,Passeriformes,Cardinalidae,Piranga,olivacea,,,SCTA
5500,Seaside Sparrow,Bruant maritime,Ammospiza maritima,Passeriformes,Passerellidae,Ammospiza,maritima,,,SESP
7240,Sedge Wren,Troglodyte à bec court,Cistothorus platensis,Passeriformes,Troglodytidae,Cistothorus,platensis,,,SEWR
2740,Semipalmated Plover,Pluvier semipalmé,Charadrius semipalmatus,Charadriiformes,Charadriidae,Charadrius,semipalmatus,,,SEPL
2460,Semipalmated Sandpiper,Bécasseau semipalmé,Calidris pusilla,Charadriiformes,Scolopacidae,Calidris,pusilla,,,SESA
3320,Sharp-shinned Hawk,Épervier brun,Accipiter striatus,Accipitriformes,Accipitridae,Accipiter,striatus,,,SSHA
3080,Sharp-tailed Grouse,Tétras à queue fine,Tympanuchus phasianellus,Galliformes,Phasianidae,Tympanuchus,phasianellus,,,STGR
2310,Short-billed Dowitcher,Bécassin roux,Limnodromus griseus,Charadriiformes,Scolopacidae,Limnodromus,griseus,,,SBDO
3670,Short-eared Owl,Hibou des marais,Asio flammeus,Strigiformes,Strigidae,Asio,flammeus,,,SEOW
5370,Smith's Longspur,Plectrophane de Smith,Calcarius pictus,Passeriformes,Calcariidae,Calcarius,pictus,,,SMLO
5340,Snow Bunting,Plectrophane des neiges,Plectrophenax nivalis,Passeriformes,Calcariidae,Plectrophenax,nivalis,,,SNBU
1690,Snow Goose,Oie des neiges,Anser caerulescens,Anseriformes,Anatidae,Anser,caerulescens,,,SNGO
1970,Snowy Egret,Aigrette neigeuse,Egretta thula,Pelecaniformes,Ardeidae,Egretta,thula,,,SNEG
3760,Snowy Owl,Harfang des neiges,Bubo scandiacus,Strigiformes,Strigidae,Bubo,scandiacus,,,SNOW
2560,Solitary Sandpiper,Chevalier solitaire,Tringa solitaria,Charadriiformes,Scolopacidae,Tringa,solitaria,,,SOSA
5810,Song Sparrow,Bruant chanteur,Melospiza melodia,Passeriformes,Passerellidae,Melospiza,melodia,,,SOSP
2971,Sooty Grouse,Tétras fuligineux,Dendragapus fuliginosus,Galliformes,Phasianidae,Dendragapus,fuliginosus,,,SOGR
2140,Sora,Marouette de Caroline,Porzana carolina,Gruiformes,Rallidae,Porzana,carolina,,,SORA
3690,Spotted Owl,Chouette tachetée,Strix occidentalis,Strigiformes,Strigidae,Strix,occidentalis,,,SPOW
2630,Spotted Sandpiper,Chevalier grivelé,Actitis macularius,Charadriiformes,Scolopacidae,Actitis,macularius,,,SPSA
5880,Spotted Towhee,Tohi tacheté,Pipilo maculatus,Passeriformes,Passerellidae,Pipilo,maculatus,,,SPTO
7000,Sprague's Pipit,Pipit de Sprague,Anthus spragueii,Passeriformes,Motacillidae,Anthus,spragueii,,,SPPI
2980,Spruce Grouse,Tétras du Canada,Falcipennis canadensis,Galliformes,Phasianidae,Falcipennis,canadensis,,,SPGR
4780,Steller's Jay,Geai de Steller,Cyanocitta stelleri,Passeriformes,Corvidae,Cyanocitta,stelleri,,,STJA
2330,Stilt Sandpiper,Bécasseau à échasses,Calidris himantopus,Charadriiformes,Scolopacidae,Calidris,himantopus,,,STSA
6100,Summer Tanager,Piranga vermillon,Piranga rubra,Passeriformes,Cardinalidae,Piranga,rubra,,,SUTA
1660,Surf Scoter,Macreuse à front blanc,Melanitta perspicillata,Anseriformes,Anatidae,Melanitta,perspicillata,,,SUSC
3420,Swainson's Hawk,Buse de Swainson,Buteo swainsoni,Accipitriformes,Accipitridae,Buteo,swainsoni,,,SWHA
7580,Swainson's Thrush,Grive à dos olive,Catharus ustulatus,Passeriformes,Turdidae,Catharus,ustulatus,,,SWTH
5840,Swamp Sparrow,Bruant des marais,Melospiza georgiana,Passeriformes,Passerellidae,Melospiza,georgiana,,,SWSP
6470,Tennessee Warbler,Paruline obscure,Leiothlypis peregrina,Passeriformes,Parulidae,Leiothlypis,peregrina,,,TEWA
5390,Thick-billed Longspur,Plectrophane de McCown,Rhynchophanes mccownii,Passeriformes,Calcariidae,Rhynchophanes,mccownii,,,TBLO
7540,Townsend's Solitaire,Solitaire de Townsend,Myadestes townsendi,Passeriformes,Turdidae,Myadestes,townsendi,,,TOSO
6680,Townsend's Warbler,Paruline de Townsend,Setophaga townsendi,Passeriformes,Parulidae,Setophaga,townsendi,,,TOWA
6140,Tree Swallow,Hirondelle bicolore,Tachycineta bicolor,Passeriformes,Hirundinidae,Tachycineta,bicolor,,,TRES
1990,Tricolored Heron,Aigrette tricolore,Egretta tricolor,Pelecaniformes,Ardeidae,Egretta,tricolor,,,TRHE
1810,Trumpeter Swan,Cygne trompette,Cygnus buccinator,Anseriformes,Anatidae,Cygnus,buccinator,,,TRUS
7310,Tufted Titmouse,Mésange bicolore,Baeolophus bicolor,Passeriformes,Paridae,Baeolophus,bicolor,,,TUTI
1800,Tundra Swan,Cygne siffleur,Cygnus columbianus,Anseriformes,Anatidae,Cygnus,columbianus,,,TUSW
3250,Turkey Vulture,Urubu à tête rouge,Cathartes aura,Cathartiformes,Cathartidae,Cathartes,aura,,,TUVU
3333,unid. Accipiter hawk,unid épervier sp.,Accipiter sp.,Accipitriformes,Accipitridae,Accipiter,sp.,,,UAHA
4665,unid. Alder Flycatcher / Willow Flycatcher,unid Moucherolle des aulnes / des saules,Empidonax alnorum / traillii,Passeriformes,Tyrannidae,Empidonax,alnorum / traillii,,,UNFL
4881,unid. American Crow / Fish Crow,unid Corneille d'Amérique / Corneille de rivage,Corvus brachyrhynchos / ossifragus,Passeriformes,Corvidae,Corvus,brachyrhynchos / ossifragus,,,UNCR
4882,unid. American Crow / Northwestern Crow,unid Corneille d'Amérique / Corneille d'Alaska,Corvus brachyrhynchos / caurinus,Passeriformes,Corvidae,Corvus,brachyrhynchos / caurinus,,,UNCR
7354,unid. Black-capped Chickadee / Boreal Chickadee,unid Mésange à tête noire / Mésange à tête brune,Poecile atricapillus / hudsonicus,Passeriformes,Paridae,Poecile,atricapillus / hudsonicus,,,UPCH
7353,unid. Black-capped Chickadee / Mountain Chickadee,unid Mésange à tête noire / Mésange de Gambel,Poecile atricapillus / gambeli,Passeriformes,Paridae,Poecile,atricapillus / gambeli,,,UPCH
5077,unid. Bullock's Oriole / Baltimore Oriole,unid Oriole de Baltimore / Oriole de Bullock's,Icterus bullockii / galbula,Passeriformes,Icteridae,Icterus,bullockii / galbula,,,UNOR
3451,unid. Buteo hawk,unid Buse sp.,Buteo sp.,Accipitriformes,Accipitridae,Buteo,sp.,,,UNBU
5212,Unid. Cassia Crossbill / Red Crossbill,Unid Bec-croisé de l'Idaho / des sapins,Loxia sinesciuris / curvirostra,Passeriformes,Fringillidae,Loxia,sinesciuris / curvirostra,,,UCRS
6295,unid. Cassin's Vireo / Blue-headed Vireo,unid Viréo de Cassin / Viréo à tête bleue,Vireo cassinii / solitarius,Passeriformes,Vireonidae,Vireo,cassinii / solitarius,,,UNVI
6185,unid. Cedar Waxwing / Bohemian Waxwing,unid Jaseur sp.,Bombycilla garrulus / cedrorum,Passeriformes,Bombycillidae,Bombycilla,garrulus / cedrorum,,,UNWX
1512,unid. Common Goldeneye / Barrow's Goldeneye,unid Garrot à oeil d'or / Garrot d'Islande,Bucephala clangula / islandica,Anseriformes,Anatidae,Bucephala,clangula / islandica,,,UGOL
315,unid. Common Murre / Thick-billed Murre,unid Guillemot marmette / Guillemot de Brünnich,Uria aalge / lomvia,Charadriiformes,Laridae,Uria,aalge / lomvia,,,UNSH
5275,unid. Common Redpoll / Hoary Redpoll,unid Sizerin flame / Sizerin blanchâtre,Carduelis flammea / hornemanni,Passeriformes,Fringillidae,Carduelis,flammea / hornemanni,,,UNRE
4642,unid. Cordilleran / Pacific-slope Flycatcher,unid Moucherolle côtier / Moucherolle des ravins,Empidonax difficilis / occidentalis,Passeriformes,Tyrannidae,Empidonax,difficilis / occidentalis,,,UNFL
1206,unid. Double-crested Cormorant / Great Cormorant,Cormoran à aigrettes / Grand Cormoran,Phalacrocorax auritus / carbo,Suliformes,Phalacrocoracidae,Phalacrocorax,auritus / carbo,,,UCOR
2973,unid. Dusky Grouse / Sooty Grouse,unid Tétras sombre / Tétras fuligineux,Dendragapus obscurus / fuliginosus,Galliformes,Phasianidae,Dendragapus,obscurus / fuliginosus,,,UGRS
5012,unid. Eastern Meadowlark / Western Meadowlark,unid Sturnelle des prés / Sturnelle de l'Ouest,Sturnella magna / neglecta,Passeriformes,Icteridae,Sturnella,magna / neglecta,,,UMED
4679,unid. Empidonax flycatcher,unid Empidonax sp.,Empidonax sp.,Passeriformes,Tyrannidae,Empidonax,sp.,,,UNFA
1489,unid. Greater Scaup / Lesser Scaup,unid Fuligule milouinan / Petit Fuligule,Aythya marila / affinis,Anseriformes,Anatidae,Aythya,marila / affinis,,,UNSC
2555,unid. Greater Yellowlegs / Lesser Yellowlegs,unid Grand Chevalier / Petit Chevalier,Tringa melanoleuca / flavipes,Charadriiformes,Scolopacidae,Tringa,melanoleuca / flavipes,,,UNYE
534,unid. gull,unid Goéland sp.,Gull sp.,Charadriiformes,Laridae,Gull,sp.,,,UNGU
4689,unid. Hammond's Flycatcher / Dusky Flycatcher,unid Moucherolle Hammond's / Moucherolle Dusky,Empidonax hammondii / oberholseri,Passeriformes,Tyrannidae,Empidonax,hammondii / oberholseri,,,UHDF
4402,unid. hummingbird,unid Colibri sp.,Trochilid sp.,Apodiformes,Trochilidae,Trochilid,sp.,,,UNHU
77,unid. loon,plongeon sp.,Gavia sp.,Gaviiformes,Gaviidae,Gavia,sp.,,,UNLO
7220,unid. Pacific Wren / Winter Wren,unid Troglodyte des forêts / Troglodyte de Baird,Troglodytes pacificus / hiemalis,Passeriformes,Troglodytidae,Troglodytes,pacificus / hiemalis,,,UNWR
6296,unid. Plumbeous Vireo / Cassin's Vireo,unid Viréo plombé / Viréo de Cassin,Vireo plumbeus / cassinii,Passeriformes,Vireonidae,Vireo,plumbeus / cassinii,,,UNVI
5195,unid. Purple Finch / Cassin's Finch / House Finch,unid Roselin pourpré / de Cassin / familier,Carpodacus purpureus / cassinii / mexicanus,Passeriformes,Fringillidae,Carpodacus,purpureus / cassinii / mexicanus,,,UNFI
5225,unid. Red Crossbill / White-winged Crossbill,unid Bec-croisé des sapins / Bec-croisé bifascié,Loxia curvirostra / leucoptera,Passeriformes,Fringillidae,Loxia,curvirostra / leucoptera,,,UCRS
4335,unid. Rufous Hummingbird / Allen's Hummingbird,unid Colibri roux / Colibri d'Allen,Selasphorus rufus / sasin,Apodiformes,Trochilidae,Selasphorus,rufus / sasin,,,UNHU
4022,unid. sapsucker,unid Sphyrapicus sp.,Sphyrapicus sp.,Piciformes,Picidae,Sphyrapicus,sp.,,,UNSA
1657,unid. scoter,unid macreuse sp.,Melanitta sp.,Anseriformes,Anatidae,Melanitta,sp.,,,USCT
2327,unid. Short-billed / Long-billed Dowitcher,unid Bécassin roux / Bécassin à long bec,Limnodromus griseus / scolopaceus,Charadriiformes,Scolopacidae,Limnodromus,griseus / scolopaceus,,,UDOW
2429,unid. small ''peep'' sandpiper,unid petit Bécasseau sp.,Calidris sp.,Charadriiformes,Scolopacidae,Calidris,sp.,,,UPEE
5871,unid. Spotted Towhee / Eastern Towhee,unid Tohi tacheté / Tohi à flancs roux,Pipilo maculatus / erythrophthalmus,Passeriformes,Passerellidae,Pipilo,maculatus / erythrophthalmus,,,UNTW
634,unid. tern,unid Sterne sp.,Tern sp.,Charadriiformes,Laridae,Tern,sp.,,,UNTE
6685,unid. Townsend's Warbler / Hermit Warbler,unid Paruline de Townsend / Paruline à tête jaune,Setophaga townsendi / occidentalis,Passeriformes,Parulidae,Setophaga,townsendi / occidentalis,,,UTHW
1207,unid. west coast cormorant,unid Cormoran de la côte ouest,Phalacrocorax sp.,Suliformes,Phalacrocoracidae,Phalacrocorax,sp.,,,UCOR
7351,unid. western chickadee species,unid Mésange sp. de l'Ouest,Poecile sp.,Passeriformes,Paridae,Poecile,sp.,,,UPCH
12,unid. Western Grebe / Clark's Grebe,unid Grèbe élégant / Grèbe à face blanche,Aechmophorus occidentalis / clarkii,Podicipediformes,Podicipedidae,Aechmophorus,occidentalis / clarkii,,,UGRB
3920,unid. woodpecker,unid Pic sp.,Woodpecker sp.,Piciformes,Picidae,Woodpecker,sp.,,,UNWO
3875,unid. Yellow-billed Cuckoo / Black-billed Cuckoo,unid Coulicou à bec jaune / Coulicou à bec noir,Coccyzus americanus / erythropthalmus,Cuculiformes,Cuculidae,Coccyzus,americanus / erythropthalmus,,,UNCU
2610,Upland Sandpiper,Maubèche des champs,Bartramia longicauda,Charadriiformes,Scolopacidae,Bartramia,longicauda,,,UPSA
7630,Varied Thrush,Grive à collier,Ixoreus naevius,Passeriformes,Turdidae,Ixoreus,naevius,,,VATH
4240,Vaux's Swift,Martinet de Vaux,Chaetura vauxi,Apodiformes,Apodidae,Chaetura,vauxi,,,VASW
7560,Veery,Grive fauve,Catharus fuscescens,Passeriformes,Turdidae,Catharus,fuscescens,,,VEER
5400,Vesper Sparrow,Bruant vespéral,Pooecetes gramineus,Passeriformes,Passerellidae,Pooecetes,gramineus,,,VESP
6150,Violet-green Swallow,Hirondelle à face blanche,Tachycineta thalassina,Passeriformes,Hirundinidae,Tachycineta,thalassina,,,VGSW
2120,Virginia Rail,Râle de Virginie,Rallus limicola,Gruiformes,Rallidae,Rallus,limicola,,,VIRA
6440,Virginia's Warbler,Paruline de Virginia,Leiothlypis virginiae,Passeriformes,Parulidae,Leiothlypis,virginiae,,,VIWA
2590,Wandering Tattler,Chevalier errant,Tringa incana,Charadriiformes,Scolopacidae,Tringa,incana,,,WATA
6270,Warbling Vireo,Viréo mélodieux,Vireo gilvus,Passeriformes,Vireonidae,Vireo,gilvus,,,WAVI
7670,Western Bluebird,Merlebleu de l'Ouest,Sialia mexicana,Passeriformes,Turdidae,Sialia,mexicana,,,WEBL
10,Western Grebe,Grèbe élégant,Aechmophorus occidentalis,Podicipediformes,Podicipedidae,Aechmophorus,occidentalis,,,WEGR
4470,Western Kingbird,Tyran de l'Ouest,Tyrannus verticalis,Passeriformes,Tyrannidae,Tyrannus,verticalis,,,WEKI
5011,Western Meadowlark,Sturnelle de l'Ouest,Sturnella neglecta,Passeriformes,Icteridae,Sturnella,neglecta,,,WEME
2470,Western Sandpiper,Bécasseau d'Alaska,Calidris mauri,Charadriiformes,Scolopacidae,Calidris,mauri,,,WESA
3732,Western Screech-Owl,Petit-duc des montagnes,Megascops kennicottii,Strigiformes,Strigidae,Megascops,kennicottii,,,WESO
6070,Western Tanager,Piranga à tête rouge,Piranga ludoviciana,Passeriformes,Cardinalidae,Piranga,ludoviciana,,,WETA
4620,Western Wood-Pewee,Pioui de l'Ouest,Contopus sordidulus,Passeriformes,Tyrannidae,Contopus,sordidulus,,,WEWP
2650,Whimbrel,Courlis corlieu,Numenius phaeopus,Charadriiformes,Scolopacidae,Numenius,phaeopus,,,WHIM
7270,White-breasted Nuthatch,Sittelle à poitrine blanche,Sitta carolinensis,Passeriformes,Sittidae,Sitta,carolinensis,,,WBNU
5540,White-crowned Sparrow,Bruant à couronne blanche,Zonotrichia leucophrys,Passeriformes,Passerellidae,Zonotrichia,leucophrys,,,WCSP
6310,White-eyed Vireo,Viréo aux yeux blancs,Vireo griseus,Passeriformes,Vireonidae,Vireo,griseus,,,WEVI
1870,White-faced Ibis,Ibis à face blanche,Plegadis chihi,Pelecaniformes,Threskiornithidae,Plegadis,chihi,,,WFIB
3990,White-headed Woodpecker,Pic à tête blanche,Dryobates albolarvatus,Piciformes,Picidae,Dryobates,albolarvatus,,,WHWO
5580,White-throated Sparrow,Bruant à gorge blanche,Zonotrichia albicollis,Passeriformes,Passerellidae,Zonotrichia,albicollis,,,WTSP
4250,White-throated Swift,Martinet à gorge blanche,Aeronautes saxatalis,Apodiformes,Apodidae,Aeronautes,saxatalis,,,WTSW
5220,White-winged Crossbill,Bec-croisé bifascié,Loxia leucoptera,Passeriformes,Fringillidae,Loxia,leucoptera,,,WWCR
1650,White-winged Scoter,Macreuse à ailes blanches,Melanitta deglandi,Anseriformes,Anatidae,Melanitta,deglandi,,,WWSC
2040,Whooping Crane,Grue blanche,Grus americana,Gruiformes,Gruidae,Grus,americana,,,WHCR
3100,Wild Turkey,Dindon sauvage,Meleagris gallopavo,Galliformes,Phasianidae,Meleagris,gallopavo,,,WITU
2580,Willet,Chevalier semipalmé,Tringa semipalmata,Charadriiformes,Scolopacidae,Tringa,semipalmata,,,WILL
4040,Williamson's Sapsucker,Pic de Williamson,Sphyrapicus thyroideus,Piciformes,Picidae,Sphyrapicus,thyroideus,,,WISA
4660,Willow Flycatcher,Moucherolle des saules,Empidonax traillii,Passeriformes,Tyrannidae,Empidonax,traillii,,,WIFL
3010,Willow Ptarmigan,Lagopède des saules,Lagopus lagopus,Galliformes,Phasianidae,Lagopus,lagopus,,,WIPT
2240,Wilson's Phalarope,Phalarope de Wilson,Phalaropus tricolor,Charadriiformes,Scolopacidae,Phalaropus,tricolor,,,WIPH
2300,Wilson's Snipe,Bécassine de Wilson,Gallinago delicata,Charadriiformes,Scolopacidae,Gallinago,delicata,,,WISN
6850,Wilson's Warbler,Paruline à calotte noire,Cardellina pusilla,Passeriformes,Parulidae,Cardellina,pusilla,,,WIWA
7222,Winter Wren,Troglodyte des forêts,Troglodytes hiemalis,Passeriformes,Troglodytidae,Troglodytes,hiemalis,,,WIWR
1440,Wood Duck,Canard branchu,Aix sponsa,Anseriformes,Anatidae,Aix,sponsa,,,WODU
7550,Wood Thrush,Grive des bois,Hylocichla mustelina,Passeriformes,Turdidae,Hylocichla,mustelina,,,WOTH
4813,Woodhouse's Scrub-Jay,Geai de Woodhouse,Aphelocoma woodhouseii,Passeriformes,Corvidae,Aphelocoma,woodhouseii,,,WOSJ
6390,Worm-eating Warbler,Paruline vermivore,Helmitheros vermivorum,Passeriformes,Parulidae,Helmitheros,vermivorum,,,WEWA
2150,Yellow Rail,Râle jaune,Coturnicops noveboracensis,Gruiformes,Rallidae,Coturnicops,noveboracensis,,,YERA
6520,Yellow Warbler,Paruline jaune,Setophaga petechia,Passeriformes,Parulidae,Setophaga,petechia,,,YEWA
4630,Yellow-bellied Flycatcher,Moucherolle à ventre jaune,Empidonax flaviventris,Passeriformes,Tyrannidae,Empidonax,flaviventris,,,YBFL
4020,Yellow-bellied Sapsucker,Pic maculé,Sphyrapicus varius,Piciformes,Picidae,Sphyrapicus,varius,,,YBSA
3870,Yellow-billed Cuckoo,Coulicou à bec jaune,Coccyzus americanus,Cuculiformes,Cuculidae,Coccyzus,americanus,,,YBCU
80,Yellow-billed Loon,Plongeon à bec blanc,Gavia adamsii,Gaviiformes,Gaviidae,Gavia,adamsii,,,YBLO
6830,Yellow-breasted Chat,Ictérie polyglotte,Icteria virens,Passeriformes,Icteriidae,Icteria,virens,,,YBCH
2030,Yellow-crowned Night-Heron,Bihoreau violacé,Nyctanassa violacea,Pelecaniformes,Ardeidae,Nyctanassa,violacea,,,YCNH
4970,Yellow-headed Blackbird,Carouge à tête jaune,Xanthocephalus xanthocephalus,Passeriformes,Icteridae,Xanthocephalus,xanthocephalus,,,YHBL
6280,Yellow-throated Vireo,Viréo à gorge jaune,Vireo flavifrons,Passeriformes,Vireonidae,Vireo,flavifrons,,,YTVI
6630,Yellow-throated Warbler,Paruline à gorge jaune,Setophaga dominica,Passeriformes,Parulidae,Setophaga,dominica,,,YTWA
2320,Long-billed Dowitcher,Bécassin à long bec,Limnodromus scolopaceus,Charadriiformes,Scolopacidae,Limnodromus,scolopaceus,,,LBDO
1770,Black-bellied Whistling-Duck,Dendrocygne à ventre noir,Dendrocygna autumnalis,Anseriformes,Anatidae,Dendrocygna,autumnalis,,,BBWD
